RT Treatment Days,RT Dose (Gy),anti-PD-1 Treatment Days,anti-PD-1 Dose (mg),anti-CTLA-4 Treatment Days,anti-CTLA-4 Dose (mg),Mean TCP,Mean Time to reach Minimum Tumour Cell Count,List of TCPs,List of Times to Reach Minimum Tumour Cell Count
[10],[15.44206112],[10],0.6,[10],0.2,0.3333333333333333,10.1,[1. 0. 0.],[10.  10.  10.3]
[10],[15.44206112],[11],0.6,[10],0.2,0.3333333333333333,10.0,[1. 0. 0.],[10. 10. 10.]
[10],[15.44206112],[12],0.6,[10],0.2,0.3333333333333333,10.0,[1. 0. 0.],[10. 10. 10.]
[10],[15.44206112],[13],0.6,[10],0.2,0.3333333333333333,10.0,[1. 0. 0.],[10. 10. 10.]
[10],[15.44206112],[14],0.6,[10],0.2,0.3333333333333333,10.0,[1. 0. 0.],[10. 10. 10.]
[10],[15.44206112],[15],0.6,[10],0.2,0.3333333333333333,10.0,[1. 0. 0.],[10. 10. 10.]
[10],[15.44206112],[16],0.6,[10],0.2,0.3333333333333333,10.0,[1. 0. 0.],[10. 10. 10.]
[10],[15.44206112],[17],0.6,[10],0.2,0.3333333333333333,10.0,[1. 0. 0.],[10. 10. 10.]
[10],[15.44206112],[18],0.6,[10],0.2,0.3333333333333333,10.0,[1. 0. 0.],[10. 10. 10.]
[10],[15.44206112],[19],0.6,[10],0.2,0.3333333333333333,10.0,[1. 0. 0.],[10. 10. 10.]
[10],[15.44206112],[20],0.6,[10],0.2,0.3333333333333333,10.0,[1. 0. 0.],[10. 10. 10.]
[10],[15.44206112],[21],0.6,[10],0.2,0.3333333333333333,10.0,[1. 0. 0.],[10. 10. 10.]
[10],[15.44206112],[22],0.6,[10],0.2,0.3333333333333333,10.0,[1. 0. 0.],[10. 10. 10.]
[10],[15.44206112],[23],0.6,[10],0.2,0.3333333333333333,10.0,[1. 0. 0.],[10. 10. 10.]
[10],[15.44206112],[24],0.6,[10],0.2,0.3333333333333333,10.0,[1. 0. 0.],[10. 10. 10.]
[10],[15.44206112],[25],0.6,[10],0.2,0.3333333333333333,10.0,[1. 0. 0.],[10. 10. 10.]
[10],[15.44206112],[26],0.6,[10],0.2,0.3333333333333333,10.0,[1. 0. 0.],[10. 10. 10.]
[10],[15.44206112],[27],0.6,[10],0.2,0.3333333333333333,10.0,[1. 0. 0.],[10. 10. 10.]
[10],[15.44206112],[28],0.6,[10],0.2,0.3333333333333333,10.0,[1. 0. 0.],[10. 10. 10.]
[10],[15.44206112],[29],0.6,[10],0.2,0.3333333333333333,10.0,[1. 0. 0.],[10. 10. 10.]
[10],[15.44206112],[30],0.6,[10],0.2,0.3333333333333333,10.0,[1. 0. 0.],[10. 10. 10.]
[11],[15.44206112],[10],0.6,[10],0.2,0.3333333333333333,11.1,[1. 0. 0.],[11.  11.  11.3]
[11],[15.44206112],[11],0.6,[10],0.2,0.3333333333333333,11.1,[1. 0. 0.],[11.  11.  11.3]
[11],[15.44206112],[12],0.6,[10],0.2,0.3333333333333333,11.0,[1. 0. 0.],[11. 11. 11.]
[11],[15.44206112],[13],0.6,[10],0.2,0.3333333333333333,11.0,[1. 0. 0.],[11. 11. 11.]
[11],[15.44206112],[14],0.6,[10],0.2,0.3333333333333333,11.0,[1. 0. 0.],[11. 11. 11.]
[11],[15.44206112],[15],0.6,[10],0.2,0.3333333333333333,11.0,[1. 0. 0.],[11. 11. 11.]
[11],[15.44206112],[16],0.6,[10],0.2,0.3333333333333333,11.0,[1. 0. 0.],[11. 11. 11.]
[11],[15.44206112],[17],0.6,[10],0.2,0.3333333333333333,11.0,[1. 0. 0.],[11. 11. 11.]
[11],[15.44206112],[18],0.6,[10],0.2,0.3333333333333333,11.0,[1. 0. 0.],[11. 11. 11.]
[11],[15.44206112],[19],0.6,[10],0.2,0.3333333333333333,11.0,[1. 0. 0.],[11. 11. 11.]
[11],[15.44206112],[20],0.6,[10],0.2,0.3333333333333333,11.0,[1. 0. 0.],[11. 11. 11.]
[11],[15.44206112],[21],0.6,[10],0.2,0.3333333333333333,11.0,[1. 0. 0.],[11. 11. 11.]
[11],[15.44206112],[22],0.6,[10],0.2,0.3333333333333333,11.0,[1. 0. 0.],[11. 11. 11.]
[11],[15.44206112],[23],0.6,[10],0.2,0.3333333333333333,11.0,[1. 0. 0.],[11. 11. 11.]
[11],[15.44206112],[24],0.6,[10],0.2,0.3333333333333333,11.0,[1. 0. 0.],[11. 11. 11.]
[11],[15.44206112],[25],0.6,[10],0.2,0.3333333333333333,11.0,[1. 0. 0.],[11. 11. 11.]
[11],[15.44206112],[26],0.6,[10],0.2,0.3333333333333333,11.0,[1. 0. 0.],[11. 11. 11.]
[11],[15.44206112],[27],0.6,[10],0.2,0.3333333333333333,11.0,[1. 0. 0.],[11. 11. 11.]
[11],[15.44206112],[28],0.6,[10],0.2,0.3333333333333333,11.0,[1. 0. 0.],[11. 11. 11.]
[11],[15.44206112],[29],0.6,[10],0.2,0.3333333333333333,11.0,[1. 0. 0.],[11. 11. 11.]
[11],[15.44206112],[30],0.6,[10],0.2,0.3333333333333333,11.0,[1. 0. 0.],[11. 11. 11.]
[12],[15.44206112],[10],0.6,[10],0.2,0.3333333333333333,12.083333333333334,[1. 0. 0.],[12.   12.   12.25]
[12],[15.44206112],[11],0.6,[10],0.2,0.3333333333333333,12.083333333333334,[1. 0. 0.],[12.   12.   12.25]
[12],[15.44206112],[12],0.6,[10],0.2,0.3333333333333333,12.1,[1. 0. 0.],[12.  12.  12.3]
[12],[15.44206112],[13],0.6,[10],0.2,0.3333333333333333,12.0,[1. 0. 0.],[12. 12. 12.]
[12],[15.44206112],[14],0.6,[10],0.2,0.3333333333333333,12.0,[1. 0. 0.],[12. 12. 12.]
[12],[15.44206112],[15],0.6,[10],0.2,0.3333333333333333,12.0,[1. 0. 0.],[12. 12. 12.]
[12],[15.44206112],[16],0.6,[10],0.2,0.3333333333333333,12.0,[1. 0. 0.],[12. 12. 12.]
[12],[15.44206112],[17],0.6,[10],0.2,0.3333333333333333,12.0,[1. 0. 0.],[12. 12. 12.]
[12],[15.44206112],[18],0.6,[10],0.2,0.3333333333333333,12.0,[1. 0. 0.],[12. 12. 12.]
[12],[15.44206112],[19],0.6,[10],0.2,0.3333333333333333,12.0,[1. 0. 0.],[12. 12. 12.]
[12],[15.44206112],[20],0.6,[10],0.2,0.3333333333333333,12.0,[1. 0. 0.],[12. 12. 12.]
[12],[15.44206112],[21],0.6,[10],0.2,0.3333333333333333,12.0,[1. 0. 0.],[12. 12. 12.]
[12],[15.44206112],[22],0.6,[10],0.2,0.3333333333333333,12.0,[1. 0. 0.],[12. 12. 12.]
[12],[15.44206112],[23],0.6,[10],0.2,0.3333333333333333,12.0,[1. 0. 0.],[12. 12. 12.]
[12],[15.44206112],[24],0.6,[10],0.2,0.3333333333333333,12.0,[1. 0. 0.],[12. 12. 12.]
[12],[15.44206112],[25],0.6,[10],0.2,0.3333333333333333,12.0,[1. 0. 0.],[12. 12. 12.]
[12],[15.44206112],[26],0.6,[10],0.2,0.3333333333333333,12.0,[1. 0. 0.],[12. 12. 12.]
[12],[15.44206112],[27],0.6,[10],0.2,0.3333333333333333,12.0,[1. 0. 0.],[12. 12. 12.]
[12],[15.44206112],[28],0.6,[10],0.2,0.3333333333333333,12.0,[1. 0. 0.],[12. 12. 12.]
[12],[15.44206112],[29],0.6,[10],0.2,0.3333333333333333,12.0,[1. 0. 0.],[12. 12. 12.]
[12],[15.44206112],[30],0.6,[10],0.2,0.3333333333333333,12.0,[1. 0. 0.],[12. 12. 12.]
[13],[15.44206112],[10],0.6,[10],0.2,0.3333333333333333,13.0,[1. 0. 0.],[13. 13. 13.]
[13],[15.44206112],[11],0.6,[10],0.2,0.3333333333333333,13.066666666666668,[1. 0. 0.],[13.  13.  13.2]
[13],[15.44206112],[12],0.6,[10],0.2,0.3333333333333333,13.066666666666668,[1. 0. 0.],[13.  13.  13.2]
[13],[15.44206112],[13],0.6,[10],0.2,0.3333333333333333,13.083333333333334,[1. 0. 0.],[13.   13.   13.25]
[13],[15.44206112],[14],0.6,[10],0.2,0.3333333333333333,13.0,[1. 0. 0.],[13. 13. 13.]
[13],[15.44206112],[15],0.6,[10],0.2,0.3333333333333333,13.0,[1. 0. 0.],[13. 13. 13.]
[13],[15.44206112],[16],0.6,[10],0.2,0.3333333333333333,13.0,[1. 0. 0.],[13. 13. 13.]
[13],[15.44206112],[17],0.6,[10],0.2,0.3333333333333333,13.0,[1. 0. 0.],[13. 13. 13.]
[13],[15.44206112],[18],0.6,[10],0.2,0.3333333333333333,13.0,[1. 0. 0.],[13. 13. 13.]
[13],[15.44206112],[19],0.6,[10],0.2,0.3333333333333333,13.0,[1. 0. 0.],[13. 13. 13.]
[13],[15.44206112],[20],0.6,[10],0.2,0.3333333333333333,13.0,[1. 0. 0.],[13. 13. 13.]
[13],[15.44206112],[21],0.6,[10],0.2,0.3333333333333333,13.0,[1. 0. 0.],[13. 13. 13.]
[13],[15.44206112],[22],0.6,[10],0.2,0.3333333333333333,13.0,[1. 0. 0.],[13. 13. 13.]
[13],[15.44206112],[23],0.6,[10],0.2,0.3333333333333333,13.0,[1. 0. 0.],[13. 13. 13.]
[13],[15.44206112],[24],0.6,[10],0.2,0.3333333333333333,13.0,[1. 0. 0.],[13. 13. 13.]
[13],[15.44206112],[25],0.6,[10],0.2,0.3333333333333333,13.0,[1. 0. 0.],[13. 13. 13.]
[13],[15.44206112],[26],0.6,[10],0.2,0.3333333333333333,13.0,[1. 0. 0.],[13. 13. 13.]
[13],[15.44206112],[27],0.6,[10],0.2,0.3333333333333333,13.0,[1. 0. 0.],[13. 13. 13.]
[13],[15.44206112],[28],0.6,[10],0.2,0.3333333333333333,13.0,[1. 0. 0.],[13. 13. 13.]
[13],[15.44206112],[29],0.6,[10],0.2,0.3333333333333333,13.0,[1. 0. 0.],[13. 13. 13.]
[13],[15.44206112],[30],0.6,[10],0.2,0.3333333333333333,13.0,[1. 0. 0.],[13. 13. 13.]
[14],[15.44206112],[10],0.6,[10],0.2,0.14643316352002747,9.333333333333334,[0.43929949 0.         0.        ],[14. 14.  0.]
[14],[15.44206112],[11],0.6,[10],0.2,0.3333333333333333,9.516666666666667,[1. 0. 0.],[14.55 14.    0.  ]
[14],[15.44206112],[12],0.6,[10],0.2,0.12262648039048078,9.35,[0.36787944 0.         0.        ],[14.05 14.    0.  ]
[14],[15.44206112],[13],0.6,[10],0.2,0.12262648039048078,9.35,[0.36787944 0.         0.        ],[14.05 14.    0.  ]
[14],[15.44206112],[14],0.6,[10],0.2,0.12262648039048078,9.5,[0.36787944 0.         0.        ],[14.5 14.   0. ]
[14],[15.44206112],[15],0.6,[10],0.2,0.047960640736159944,9.333333333333334,[0.14388192 0.         0.        ],[14. 14.  0.]
[14],[15.44206112],[16],0.6,[10],0.2,0.047960640736159944,9.333333333333334,[0.14388192 0.         0.        ],[14. 14.  0.]
[14],[15.44206112],[17],0.6,[10],0.2,0.12262648039048078,9.633333333333333,[0.36787944 0.         0.        ],[14.9 14.   0. ]
[14],[15.44206112],[18],0.6,[10],0.2,0.047960640736159944,9.333333333333334,[0.14388192 0.         0.        ],[14. 14.  0.]
[14],[15.44206112],[19],0.6,[10],0.2,0.047960640736159944,9.333333333333334,[0.14388192 0.         0.        ],[14. 14.  0.]
[14],[15.44206112],[20],0.6,[10],0.2,0.047960640736159944,9.333333333333334,[0.14388192 0.         0.        ],[14. 14.  0.]
[14],[15.44206112],[21],0.6,[10],0.2,0.047960640736159944,9.333333333333334,[0.14388192 0.         0.        ],[14. 14.  0.]
[14],[15.44206112],[22],0.6,[10],0.2,0.047960640736159944,9.333333333333334,[0.14388192 0.         0.        ],[14. 14.  0.]
[14],[15.44206112],[23],0.6,[10],0.2,0.047960640736159944,9.333333333333334,[0.14388192 0.         0.        ],[14. 14.  0.]
[14],[15.44206112],[24],0.6,[10],0.2,0.12262648039048078,9.549999999999999,[0.36787944 0.         0.        ],[14.65 14.    0.  ]
[14],[15.44206112],[25],0.6,[10],0.2,0.047960640736159944,9.333333333333334,[0.14388192 0.         0.        ],[14. 14.  0.]
[14],[15.44206112],[26],0.6,[10],0.2,0.047960640736159944,9.333333333333334,[0.14388192 0.         0.        ],[14. 14.  0.]
[14],[15.44206112],[27],0.6,[10],0.2,0.047960640736159944,9.333333333333334,[0.14388192 0.         0.        ],[14. 14.  0.]
[14],[15.44206112],[28],0.6,[10],0.2,0.047960640736159944,9.333333333333334,[0.14388192 0.         0.        ],[14. 14.  0.]
[14],[15.44206112],[29],0.6,[10],0.2,0.047960640736159944,9.333333333333334,[0.14388192 0.         0.        ],[14. 14.  0.]
[14],[15.44206112],[30],0.6,[10],0.2,0.047960640736159944,9.333333333333334,[0.14388192 0.         0.        ],[14. 14.  0.]
[15],[15.44206112],[10],0.6,[10],0.2,0.0010082872229220362,10.0,[0.00302486 0.         0.        ],[15. 15.  0.]
[15],[15.44206112],[11],0.6,[10],0.2,0.00038795980013518614,10.0,[0.00116388 0.         0.        ],[15. 15.  0.]
[15],[15.44206112],[12],0.6,[10],0.2,0.00013309817253358955,10.0,[0.00039929 0.         0.        ],[15. 15.  0.]
[15],[15.44206112],[13],0.6,[10],0.2,0.0008262507255554528,10.049999999999999,[0.00247875 0.         0.        ],[15.15 15.    0.  ]
[15],[15.44206112],[14],0.6,[10],0.2,4.113660136222652e-05,10.016666666666667,[0.00012341 0.         0.        ],[15.05 15.    0.  ]
[15],[15.44206112],[15],0.6,[10],0.2,4.113660136222652e-05,10.266666666666667,[0.00012341 0.         0.        ],[15.8 15.   0. ]
[15],[15.44206112],[16],0.6,[10],0.2,7.036643563053881e-06,10.0,[2.11099307e-05 0.00000000e+00 0.00000000e+00],[15. 15.  0.]
[15],[15.44206112],[17],0.6,[10],0.2,1.5133309920828285e-05,10.1,[4.53999298e-05 0.00000000e+00 0.00000000e+00],[15.3 15.   0. ]
[15],[15.44206112],[18],0.6,[10],0.2,1.5133309920828285e-05,10.016666666666667,[4.53999298e-05 0.00000000e+00 0.00000000e+00],[15.05 15.    0.  ]
[15],[15.44206112],[19],0.6,[10],0.2,7.036643563053881e-06,10.0,[2.11099307e-05 0.00000000e+00 0.00000000e+00],[15. 15.  0.]
[15],[15.44206112],[20],0.6,[10],0.2,7.036643563053881e-06,10.0,[2.11099307e-05 0.00000000e+00 0.00000000e+00],[15. 15.  0.]
[15],[15.44206112],[21],0.6,[10],0.2,7.036643563053881e-06,10.0,[2.11099307e-05 0.00000000e+00 0.00000000e+00],[15. 15.  0.]
[15],[15.44206112],[22],0.6,[10],0.2,1.5133309920828285e-05,10.049999999999999,[4.53999298e-05 0.00000000e+00 0.00000000e+00],[15.15 15.    0.  ]
[15],[15.44206112],[23],0.6,[10],0.2,7.036643563053881e-06,10.0,[2.11099307e-05 0.00000000e+00 0.00000000e+00],[15. 15.  0.]
[15],[15.44206112],[24],0.6,[10],0.2,7.036643563053881e-06,10.0,[2.11099307e-05 0.00000000e+00 0.00000000e+00],[15. 15.  0.]
[15],[15.44206112],[25],0.6,[10],0.2,7.036643563053881e-06,10.0,[2.11099307e-05 0.00000000e+00 0.00000000e+00],[15. 15.  0.]
[15],[15.44206112],[26],0.6,[10],0.2,7.036643563053881e-06,10.0,[2.11099307e-05 0.00000000e+00 0.00000000e+00],[15. 15.  0.]
[15],[15.44206112],[27],0.6,[10],0.2,7.036643563053881e-06,10.0,[2.11099307e-05 0.00000000e+00 0.00000000e+00],[15. 15.  0.]
[15],[15.44206112],[28],0.6,[10],0.2,7.036643563053881e-06,10.0,[2.11099307e-05 0.00000000e+00 0.00000000e+00],[15. 15.  0.]
[15],[15.44206112],[29],0.6,[10],0.2,7.036643563053881e-06,10.0,[2.11099307e-05 0.00000000e+00 0.00000000e+00],[15. 15.  0.]
[15],[15.44206112],[30],0.6,[10],0.2,4.113660136222652e-05,10.25,[0.00012341 0.         0.        ],[15.75 15.    0.  ]
[16],[15.44206112],[10],0.6,[10],0.2,9.298226976229749e-11,10.766666666666666,[2.78946809e-10 0.00000000e+00 0.00000000e+00],[16.3 16.   0. ]
[16],[15.44206112],[11],0.6,[10],0.2,4.629314621654674e-12,10.683333333333332,[1.38879439e-11 0.00000000e+00 0.00000000e+00],[16.05 16.    0.  ]
[16],[15.44206112],[12],0.6,[10],0.2,1.0876850844894066e-13,10.666666666666666,[3.26305525e-13 0.00000000e+00 0.00000000e+00],[16. 16.  0.]
[16],[15.44206112],[13],0.6,[10],0.2,1.7030296760211083e-12,10.683333333333332,[5.10908903e-12 0.00000000e+00 0.00000000e+00],[16.05 16.    0.  ]
[16],[15.44206112],[14],0.6,[10],0.2,1.8191677900186525e-14,10.666666666666666,[5.45750337e-14 0.00000000e+00 0.00000000e+00],[16. 16.  0.]
[16],[15.44206112],[15],0.6,[10],0.2,2.994503502704417e-16,10.666666666666666,[8.98351051e-16 0.00000000e+00 0.00000000e+00],[16. 16.  0.]
[16],[15.44206112],[16],0.6,[10],0.2,2.8443492085813555e-17,10.683333333333332,[8.53304763e-17 0.00000000e+00 0.00000000e+00],[16.05 16.    0.  ]
[16],[15.44206112],[17],0.6,[10],0.2,1.1425232911091086e-17,10.666666666666666,[3.42756987e-17 0.00000000e+00 0.00000000e+00],[16. 16.  0.]
[16],[15.44206112],[18],0.6,[10],0.2,1.1425232911091086e-17,10.666666666666666,[3.42756987e-17 0.00000000e+00 0.00000000e+00],[16. 16.  0.]
[16],[15.44206112],[19],0.6,[10],0.2,1.1425232911091086e-17,10.666666666666666,[3.42756987e-17 0.00000000e+00 0.00000000e+00],[16. 16.  0.]
[16],[15.44206112],[20],0.6,[10],0.2,1.1425232911091086e-17,10.666666666666666,[3.42756987e-17 0.00000000e+00 0.00000000e+00],[16. 16.  0.]
[16],[15.44206112],[21],0.6,[10],0.2,1.1425232911091086e-17,10.666666666666666,[3.42756987e-17 0.00000000e+00 0.00000000e+00],[16. 16.  0.]
[16],[15.44206112],[22],0.6,[10],0.2,1.1425232911091086e-17,10.666666666666666,[3.42756987e-17 0.00000000e+00 0.00000000e+00],[16. 16.  0.]
[16],[15.44206112],[23],0.6,[10],0.2,1.1425232911091086e-17,10.666666666666666,[3.42756987e-17 0.00000000e+00 0.00000000e+00],[16. 16.  0.]
[16],[15.44206112],[24],0.6,[10],0.2,2.8443492085813555e-17,10.700000000000001,[8.53304763e-17 0.00000000e+00 0.00000000e+00],[16.1 16.   0. ]
[16],[15.44206112],[25],0.6,[10],0.2,1.1425232911091086e-17,10.666666666666666,[3.42756987e-17 0.00000000e+00 0.00000000e+00],[16. 16.  0.]
[16],[15.44206112],[26],0.6,[10],0.2,1.1425232911091086e-17,10.666666666666666,[3.42756987e-17 0.00000000e+00 0.00000000e+00],[16. 16.  0.]
[16],[15.44206112],[27],0.6,[10],0.2,1.1425232911091086e-17,10.666666666666666,[3.42756987e-17 0.00000000e+00 0.00000000e+00],[16. 16.  0.]
[16],[15.44206112],[28],0.6,[10],0.2,1.1425232911091086e-17,10.666666666666666,[3.42756987e-17 0.00000000e+00 0.00000000e+00],[16. 16.  0.]
[16],[15.44206112],[29],0.6,[10],0.2,1.1425232911091086e-17,10.666666666666666,[3.42756987e-17 0.00000000e+00 0.00000000e+00],[16. 16.  0.]
[16],[15.44206112],[30],0.6,[10],0.2,1.1425232911091086e-17,10.666666666666666,[3.42756987e-17 0.00000000e+00 0.00000000e+00],[16. 16.  0.]
[17],[15.44206112],[10],0.6,[10],0.2,4.08021001955435e-31,5.666666666666667,[1.22406301e-30 0.00000000e+00 0.00000000e+00],[17.  0.  0.]
[17],[15.44206112],[11],0.6,[10],0.2,4.785714559614314e-34,5.666666666666667,[1.43571437e-33 0.00000000e+00 0.00000000e+00],[17.  0.  0.]
[17],[15.44206112],[12],0.6,[10],0.2,3.423212452545232e-37,5.666666666666667,[1.02696374e-36 0.00000000e+00 0.00000000e+00],[17.  0.  0.]
[17],[15.44206112],[13],0.6,[10],0.2,3.472040530277799e-34,5.666666666666667,[1.04161216e-33 0.00000000e+00 0.00000000e+00],[17.  0.  0.]
[17],[15.44206112],[14],0.6,[10],0.2,1.867483456778966e-38,5.666666666666667,[5.60245037e-38 0.00000000e+00 0.00000000e+00],[17.  0.  0.]
[17],[15.44206112],[15],0.6,[10],0.2,2.0793501697828878e-42,5.666666666666667,[6.23805051e-42 0.00000000e+00 0.00000000e+00],[17.  0.  0.]
[17],[15.44206112],[16],0.6,[10],0.2,2.34233342130091e-45,5.666666666666667,[7.02700026e-45 0.00000000e+00 0.00000000e+00],[17.  0.  0.]
[17],[15.44206112],[17],0.6,[10],0.2,8.35522491966651e-47,5.683333333333334,[2.50656748e-46 0.00000000e+00 0.00000000e+00],[17.05  0.    0.  ]
[17],[15.44206112],[18],0.6,[10],0.2,8.35522491966651e-47,5.683333333333334,[2.50656748e-46 0.00000000e+00 0.00000000e+00],[17.05  0.    0.  ]
[17],[15.44206112],[19],0.6,[10],0.2,7.682030160009702e-47,5.666666666666667,[2.30460905e-46 0.00000000e+00 0.00000000e+00],[17.  0.  0.]
[17],[15.44206112],[20],0.6,[10],0.2,7.682030160009702e-47,5.666666666666667,[2.30460905e-46 0.00000000e+00 0.00000000e+00],[17.  0.  0.]
[17],[15.44206112],[21],0.6,[10],0.2,2.271185607181766e-46,5.716666666666668,[6.81355682e-46 0.00000000e+00 0.00000000e+00],[17.15  0.    0.  ]
[17],[15.44206112],[22],0.6,[10],0.2,7.682030160009702e-47,5.666666666666667,[2.30460905e-46 0.00000000e+00 0.00000000e+00],[17.  0.  0.]
[17],[15.44206112],[23],0.6,[10],0.2,8.35522491966651e-47,5.683333333333334,[2.50656748e-46 0.00000000e+00 0.00000000e+00],[17.05  0.    0.  ]
[17],[15.44206112],[24],0.6,[10],0.2,8.35522491966651e-47,5.7,[2.50656748e-46 0.00000000e+00 0.00000000e+00],[17.1  0.   0. ]
[17],[15.44206112],[25],0.6,[10],0.2,7.682030160009702e-47,5.666666666666667,[2.30460905e-46 0.00000000e+00 0.00000000e+00],[17.  0.  0.]
[17],[15.44206112],[26],0.6,[10],0.2,7.682030160009702e-47,5.666666666666667,[2.30460905e-46 0.00000000e+00 0.00000000e+00],[17.  0.  0.]
[17],[15.44206112],[27],0.6,[10],0.2,7.682030160009702e-47,5.666666666666667,[2.30460905e-46 0.00000000e+00 0.00000000e+00],[17.  0.  0.]
[17],[15.44206112],[28],0.6,[10],0.2,8.35522491966651e-47,5.683333333333334,[2.50656748e-46 0.00000000e+00 0.00000000e+00],[17.05  0.    0.  ]
[17],[15.44206112],[29],0.6,[10],0.2,8.35522491966651e-47,5.683333333333334,[2.50656748e-46 0.00000000e+00 0.00000000e+00],[17.05  0.    0.  ]
[17],[15.44206112],[30],0.6,[10],0.2,7.682030160009702e-47,5.666666666666667,[2.30460905e-46 0.00000000e+00 0.00000000e+00],[17.  0.  0.]
[18],[15.44206112],[10],0.6,[10],0.2,3.794711108026057e-76,6.0,[1.13841333e-75 0.00000000e+00 0.00000000e+00],[18.  0.  0.]
[18],[15.44206112],[11],0.6,[10],0.2,2.961247567874245e-82,6.0,[8.8837427e-82 0.0000000e+00 0.0000000e+00],[18.  0.  0.]
[18],[15.44206112],[12],0.6,[10],0.2,1.0177339438673916e-88,6.0,[3.05320183e-88 0.00000000e+00 0.00000000e+00],[18.  0.  0.]
[18],[15.44206112],[13],0.6,[10],0.2,2.785514515538911e-82,6.0,[8.35654355e-82 0.00000000e+00 0.00000000e+00],[18.  0.  0.]
[18],[15.44206112],[14],0.6,[10],0.2,5.954310737550383e-91,6.0,[1.78629322e-90 0.00000000e+00 0.00000000e+00],[18.  0.  0.]
[18],[15.44206112],[15],0.6,[10],0.2,8.110368117459413e-99,6.0,[2.43311044e-98 0.00000000e+00 0.00000000e+00],[18.  0.  0.]
[18],[15.44206112],[16],0.6,[10],0.2,1.4608322093957035e-104,6.0,[4.38249663e-104 0.00000000e+000 0.00000000e+000],[18.  0.  0.]
[18],[15.44206112],[17],0.6,[10],0.2,2.5657870426021147e-107,6.0,[7.69736113e-107 0.00000000e+000 0.00000000e+000],[18.  0.  0.]
[18],[15.44206112],[18],0.6,[10],0.2,2.7745625649512585e-108,6.0,[8.32368769e-108 0.00000000e+000 0.00000000e+000],[18.  0.  0.]
[18],[15.44206112],[19],0.6,[10],0.2,2.636256372289443e-108,6.0,[7.90876912e-108 0.00000000e+000 0.00000000e+000],[18.  0.  0.]
[18],[15.44206112],[20],0.6,[10],0.2,2.636256372289443e-108,6.0,[7.90876912e-108 0.00000000e+000 0.00000000e+000],[18.  0.  0.]
[18],[15.44206112],[21],0.6,[10],0.2,2.636256372289443e-108,6.0,[7.90876912e-108 0.00000000e+000 0.00000000e+000],[18.  0.  0.]
[18],[15.44206112],[22],0.6,[10],0.2,2.636256372289443e-108,6.0,[7.90876912e-108 0.00000000e+000 0.00000000e+000],[18.  0.  0.]
[18],[15.44206112],[23],0.6,[10],0.2,2.636256372289443e-108,6.0,[7.90876912e-108 0.00000000e+000 0.00000000e+000],[18.  0.  0.]
[18],[15.44206112],[24],0.6,[10],0.2,2.636256372289443e-108,6.0,[7.90876912e-108 0.00000000e+000 0.00000000e+000],[18.  0.  0.]
[18],[15.44206112],[25],0.6,[10],0.2,2.636256372289443e-108,6.0,[7.90876912e-108 0.00000000e+000 0.00000000e+000],[18.  0.  0.]
[18],[15.44206112],[26],0.6,[10],0.2,2.636256372289443e-108,6.0,[7.90876912e-108 0.00000000e+000 0.00000000e+000],[18.  0.  0.]
[18],[15.44206112],[27],0.6,[10],0.2,2.636256372289443e-108,6.0,[7.90876912e-108 0.00000000e+000 0.00000000e+000],[18.  0.  0.]
[18],[15.44206112],[28],0.6,[10],0.2,2.636256372289443e-108,6.0,[7.90876912e-108 0.00000000e+000 0.00000000e+000],[18.  0.  0.]
[18],[15.44206112],[29],0.6,[10],0.2,2.636256372289443e-108,6.0,[7.90876912e-108 0.00000000e+000 0.00000000e+000],[18.  0.  0.]
[18],[15.44206112],[30],0.6,[10],0.2,2.636256372289443e-108,6.0,[7.90876912e-108 0.00000000e+000 0.00000000e+000],[18.  0.  0.]
[19],[15.44206112],[10],0.6,[10],0.2,4.922339132417688e-164,6.333333333333333,[1.47670174e-163 0.00000000e+000 0.00000000e+000],[19.  0.  0.]
[19],[15.44206112],[11],0.6,[10],0.2,2.833430389398051e-175,6.333333333333333,[8.50029117e-175 0.00000000e+000 0.00000000e+000],[19.  0.  0.]
[19],[15.44206112],[12],0.6,[10],0.2,4.620966394276179e-187,6.333333333333333,[1.38628992e-186 0.00000000e+000 0.00000000e+000],[19.  0.  0.]
[19],[15.44206112],[13],0.6,[10],0.2,4.6291081842936265e-175,6.333333333333333,[1.38873246e-174 0.00000000e+000 0.00000000e+000],[19.  0.  0.]
[19],[15.44206112],[14],0.6,[10],0.2,9.237905201648722e-191,6.333333333333333,[2.77137156e-190 0.00000000e+000 0.00000000e+000],[19.  0.  0.]
[19],[15.44206112],[15],0.6,[10],0.2,8.085678491370793e-205,6.333333333333333,[2.42570355e-204 0.00000000e+000 0.00000000e+000],[19.  0.  0.]
[19],[15.44206112],[16],0.6,[10],0.2,5.964892665995845e-215,6.333333333333333,[1.7894678e-214 0.0000000e+000 0.0000000e+000],[19.  0.  0.]
[19],[15.44206112],[17],0.6,[10],0.2,1.0741006943084759e-219,6.333333333333333,[3.22230208e-219 0.00000000e+000 0.00000000e+000],[19.  0.  0.]
[19],[15.44206112],[18],0.6,[10],0.2,3.0734567090526213e-221,6.333333333333333,[9.22037013e-221 0.00000000e+000 0.00000000e+000],[19.  0.  0.]
[19],[15.44206112],[19],0.6,[10],0.2,1.8643311938078027e-222,6.333333333333333,[5.59299358e-222 0.00000000e+000 0.00000000e+000],[19.  0.  0.]
[19],[15.44206112],[20],0.6,[10],0.2,1.7196279770602736e-222,6.333333333333333,[5.15888393e-222 0.00000000e+000 0.00000000e+000],[19.  0.  0.]
[19],[15.44206112],[21],0.6,[10],0.2,1.7196279770602736e-222,6.333333333333333,[5.15888393e-222 0.00000000e+000 0.00000000e+000],[19.  0.  0.]
[19],[15.44206112],[22],0.6,[10],0.2,1.7196279770602736e-222,6.333333333333333,[5.15888393e-222 0.00000000e+000 0.00000000e+000],[19.  0.  0.]
[19],[15.44206112],[23],0.6,[10],0.2,1.7196279770602736e-222,6.333333333333333,[5.15888393e-222 0.00000000e+000 0.00000000e+000],[19.  0.  0.]
[19],[15.44206112],[24],0.6,[10],0.2,1.7196279770602736e-222,6.333333333333333,[5.15888393e-222 0.00000000e+000 0.00000000e+000],[19.  0.  0.]
[19],[15.44206112],[25],0.6,[10],0.2,1.7196279770602736e-222,6.333333333333333,[5.15888393e-222 0.00000000e+000 0.00000000e+000],[19.  0.  0.]
[19],[15.44206112],[26],0.6,[10],0.2,1.7196279770602736e-222,6.333333333333333,[5.15888393e-222 0.00000000e+000 0.00000000e+000],[19.  0.  0.]
[19],[15.44206112],[27],0.6,[10],0.2,1.7196279770602736e-222,6.333333333333333,[5.15888393e-222 0.00000000e+000 0.00000000e+000],[19.  0.  0.]
[19],[15.44206112],[28],0.6,[10],0.2,1.7196279770602736e-222,6.333333333333333,[5.15888393e-222 0.00000000e+000 0.00000000e+000],[19.  0.  0.]
[19],[15.44206112],[29],0.6,[10],0.2,1.7196279770602736e-222,6.333333333333333,[5.15888393e-222 0.00000000e+000 0.00000000e+000],[19.  0.  0.]
[19],[15.44206112],[30],0.6,[10],0.2,1.7196279770602736e-222,6.333333333333333,[5.15888393e-222 0.00000000e+000 0.00000000e+000],[19.  0.  0.]
[20],[15.44206112],[10],0.6,[10],0.2,3.8896e-319,6.666666666666667,[1.166874e-318 0.000000e+000 0.000000e+000],[20.  0.  0.]
[20],[15.44206112],[11],0.6,[10],0.2,0.0,6.666666666666667,[0. 0. 0.],[20.  0.  0.]
[20],[15.44206112],[12],0.6,[10],0.2,0.0,6.666666666666667,[0. 0. 0.],[20.  0.  0.]
[20],[15.44206112],[13],0.6,[10],0.2,0.0,6.666666666666667,[0. 0. 0.],[20.  0.  0.]
[20],[15.44206112],[14],0.6,[10],0.2,0.0,6.666666666666667,[0. 0. 0.],[20.  0.  0.]
[20],[15.44206112],[15],0.6,[10],0.2,0.0,6.666666666666667,[0. 0. 0.],[20.  0.  0.]
[20],[15.44206112],[16],0.6,[10],0.2,0.0,6.666666666666667,[0. 0. 0.],[20.  0.  0.]
[20],[15.44206112],[17],0.6,[10],0.2,0.0,6.666666666666667,[0. 0. 0.],[20.  0.  0.]
[20],[15.44206112],[18],0.6,[10],0.2,0.0,6.666666666666667,[0. 0. 0.],[20.  0.  0.]
[20],[15.44206112],[19],0.6,[10],0.2,0.0,6.666666666666667,[0. 0. 0.],[20.  0.  0.]
[20],[15.44206112],[20],0.6,[10],0.2,0.0,6.666666666666667,[0. 0. 0.],[20.  0.  0.]
[20],[15.44206112],[21],0.6,[10],0.2,0.0,6.666666666666667,[0. 0. 0.],[20.  0.  0.]
[20],[15.44206112],[22],0.6,[10],0.2,0.0,6.666666666666667,[0. 0. 0.],[20.  0.  0.]
[20],[15.44206112],[23],0.6,[10],0.2,0.0,6.666666666666667,[0. 0. 0.],[20.  0.  0.]
[20],[15.44206112],[24],0.6,[10],0.2,0.0,6.666666666666667,[0. 0. 0.],[20.  0.  0.]
[20],[15.44206112],[25],0.6,[10],0.2,0.0,6.666666666666667,[0. 0. 0.],[20.  0.  0.]
[20],[15.44206112],[26],0.6,[10],0.2,0.0,6.666666666666667,[0. 0. 0.],[20.  0.  0.]
[20],[15.44206112],[27],0.6,[10],0.2,0.0,6.666666666666667,[0. 0. 0.],[20.  0.  0.]
[20],[15.44206112],[28],0.6,[10],0.2,0.0,6.666666666666667,[0. 0. 0.],[20.  0.  0.]
[20],[15.44206112],[29],0.6,[10],0.2,0.0,6.666666666666667,[0. 0. 0.],[20.  0.  0.]
[20],[15.44206112],[30],0.6,[10],0.2,0.0,6.666666666666667,[0. 0. 0.],[20.  0.  0.]
[21],[15.44206112],[10],0.6,[10],0.2,0.0,7.0,[0. 0. 0.],[21.  0.  0.]
[21],[15.44206112],[11],0.6,[10],0.2,0.0,7.0,[0. 0. 0.],[21.  0.  0.]
[21],[15.44206112],[12],0.6,[10],0.2,0.0,7.0,[0. 0. 0.],[21.  0.  0.]
[21],[15.44206112],[13],0.6,[10],0.2,0.0,7.0,[0. 0. 0.],[21.  0.  0.]
[21],[15.44206112],[14],0.6,[10],0.2,0.0,7.0,[0. 0. 0.],[21.  0.  0.]
[21],[15.44206112],[15],0.6,[10],0.2,0.0,7.0,[0. 0. 0.],[21.  0.  0.]
[21],[15.44206112],[16],0.6,[10],0.2,0.0,7.0,[0. 0. 0.],[21.  0.  0.]
[21],[15.44206112],[17],0.6,[10],0.2,0.0,7.0,[0. 0. 0.],[21.  0.  0.]
[21],[15.44206112],[18],0.6,[10],0.2,0.0,7.0,[0. 0. 0.],[21.  0.  0.]
[21],[15.44206112],[19],0.6,[10],0.2,0.0,7.0,[0. 0. 0.],[21.  0.  0.]
[21],[15.44206112],[20],0.6,[10],0.2,0.0,7.0,[0. 0. 0.],[21.  0.  0.]
[21],[15.44206112],[21],0.6,[10],0.2,0.0,7.0,[0. 0. 0.],[21.  0.  0.]
[21],[15.44206112],[22],0.6,[10],0.2,0.0,7.0,[0. 0. 0.],[21.  0.  0.]
[21],[15.44206112],[23],0.6,[10],0.2,0.0,7.0,[0. 0. 0.],[21.  0.  0.]
[21],[15.44206112],[24],0.6,[10],0.2,0.0,7.0,[0. 0. 0.],[21.  0.  0.]
[21],[15.44206112],[25],0.6,[10],0.2,0.0,7.0,[0. 0. 0.],[21.  0.  0.]
[21],[15.44206112],[26],0.6,[10],0.2,0.0,7.0,[0. 0. 0.],[21.  0.  0.]
[21],[15.44206112],[27],0.6,[10],0.2,0.0,7.0,[0. 0. 0.],[21.  0.  0.]
[21],[15.44206112],[28],0.6,[10],0.2,0.0,7.0,[0. 0. 0.],[21.  0.  0.]
[21],[15.44206112],[29],0.6,[10],0.2,0.0,7.0,[0. 0. 0.],[21.  0.  0.]
[21],[15.44206112],[30],0.6,[10],0.2,0.0,7.0,[0. 0. 0.],[21.  0.  0.]
[22],[15.44206112],[10],0.6,[10],0.2,0.0,7.333333333333333,[0. 0. 0.],[22.  0.  0.]
[22],[15.44206112],[11],0.6,[10],0.2,0.0,7.333333333333333,[0. 0. 0.],[22.  0.  0.]
[22],[15.44206112],[12],0.6,[10],0.2,0.0,7.333333333333333,[0. 0. 0.],[22.  0.  0.]
[22],[15.44206112],[13],0.6,[10],0.2,0.0,7.333333333333333,[0. 0. 0.],[22.  0.  0.]
[22],[15.44206112],[14],0.6,[10],0.2,0.0,7.333333333333333,[0. 0. 0.],[22.  0.  0.]
[22],[15.44206112],[15],0.6,[10],0.2,0.0,7.333333333333333,[0. 0. 0.],[22.  0.  0.]
[22],[15.44206112],[16],0.6,[10],0.2,0.0,7.333333333333333,[0. 0. 0.],[22.  0.  0.]
[22],[15.44206112],[17],0.6,[10],0.2,0.0,7.333333333333333,[0. 0. 0.],[22.  0.  0.]
[22],[15.44206112],[18],0.6,[10],0.2,0.0,7.333333333333333,[0. 0. 0.],[22.  0.  0.]
[22],[15.44206112],[19],0.6,[10],0.2,0.0,7.333333333333333,[0. 0. 0.],[22.  0.  0.]
[22],[15.44206112],[20],0.6,[10],0.2,0.0,7.333333333333333,[0. 0. 0.],[22.  0.  0.]
[22],[15.44206112],[21],0.6,[10],0.2,0.0,7.333333333333333,[0. 0. 0.],[22.  0.  0.]
[22],[15.44206112],[22],0.6,[10],0.2,0.0,7.333333333333333,[0. 0. 0.],[22.  0.  0.]
[22],[15.44206112],[23],0.6,[10],0.2,0.0,7.333333333333333,[0. 0. 0.],[22.  0.  0.]
[22],[15.44206112],[24],0.6,[10],0.2,0.0,7.333333333333333,[0. 0. 0.],[22.  0.  0.]
[22],[15.44206112],[25],0.6,[10],0.2,0.0,7.333333333333333,[0. 0. 0.],[22.  0.  0.]
[22],[15.44206112],[26],0.6,[10],0.2,0.0,7.333333333333333,[0. 0. 0.],[22.  0.  0.]
[22],[15.44206112],[27],0.6,[10],0.2,0.0,7.333333333333333,[0. 0. 0.],[22.  0.  0.]
[22],[15.44206112],[28],0.6,[10],0.2,0.0,7.333333333333333,[0. 0. 0.],[22.  0.  0.]
[22],[15.44206112],[29],0.6,[10],0.2,0.0,7.333333333333333,[0. 0. 0.],[22.  0.  0.]
[22],[15.44206112],[30],0.6,[10],0.2,0.0,7.333333333333333,[0. 0. 0.],[22.  0.  0.]
[23],[15.44206112],[10],0.6,[10],0.2,0.0,7.666666666666667,[0. 0. 0.],[23.  0.  0.]
[23],[15.44206112],[11],0.6,[10],0.2,0.0,7.666666666666667,[0. 0. 0.],[23.  0.  0.]
[23],[15.44206112],[12],0.6,[10],0.2,0.0,7.666666666666667,[0. 0. 0.],[23.  0.  0.]
[23],[15.44206112],[13],0.6,[10],0.2,0.0,7.666666666666667,[0. 0. 0.],[23.  0.  0.]
[23],[15.44206112],[14],0.6,[10],0.2,0.0,7.666666666666667,[0. 0. 0.],[23.  0.  0.]
[23],[15.44206112],[15],0.6,[10],0.2,0.0,7.666666666666667,[0. 0. 0.],[23.  0.  0.]
[23],[15.44206112],[16],0.6,[10],0.2,0.0,7.666666666666667,[0. 0. 0.],[23.  0.  0.]
[23],[15.44206112],[17],0.6,[10],0.2,0.0,7.666666666666667,[0. 0. 0.],[23.  0.  0.]
[23],[15.44206112],[18],0.6,[10],0.2,0.0,7.666666666666667,[0. 0. 0.],[23.  0.  0.]
[23],[15.44206112],[19],0.6,[10],0.2,0.0,7.666666666666667,[0. 0. 0.],[23.  0.  0.]
[23],[15.44206112],[20],0.6,[10],0.2,0.0,7.666666666666667,[0. 0. 0.],[23.  0.  0.]
[23],[15.44206112],[21],0.6,[10],0.2,0.0,7.666666666666667,[0. 0. 0.],[23.  0.  0.]
[23],[15.44206112],[22],0.6,[10],0.2,0.0,7.666666666666667,[0. 0. 0.],[23.  0.  0.]
[23],[15.44206112],[23],0.6,[10],0.2,0.0,7.666666666666667,[0. 0. 0.],[23.  0.  0.]
[23],[15.44206112],[24],0.6,[10],0.2,0.0,7.666666666666667,[0. 0. 0.],[23.  0.  0.]
[23],[15.44206112],[25],0.6,[10],0.2,0.0,7.666666666666667,[0. 0. 0.],[23.  0.  0.]
[23],[15.44206112],[26],0.6,[10],0.2,0.0,7.666666666666667,[0. 0. 0.],[23.  0.  0.]
[23],[15.44206112],[27],0.6,[10],0.2,0.0,7.666666666666667,[0. 0. 0.],[23.  0.  0.]
[23],[15.44206112],[28],0.6,[10],0.2,0.0,7.666666666666667,[0. 0. 0.],[23.  0.  0.]
[23],[15.44206112],[29],0.6,[10],0.2,0.0,7.666666666666667,[0. 0. 0.],[23.  0.  0.]
[23],[15.44206112],[30],0.6,[10],0.2,0.0,7.666666666666667,[0. 0. 0.],[23.  0.  0.]
[24],[15.44206112],[10],0.6,[10],0.2,0.0,8.0,[0. 0. 0.],[24.  0.  0.]
[24],[15.44206112],[11],0.6,[10],0.2,0.0,8.0,[0. 0. 0.],[24.  0.  0.]
[24],[15.44206112],[12],0.6,[10],0.2,0.0,8.0,[0. 0. 0.],[24.  0.  0.]
[24],[15.44206112],[13],0.6,[10],0.2,0.0,8.0,[0. 0. 0.],[24.  0.  0.]
[24],[15.44206112],[14],0.6,[10],0.2,0.0,8.0,[0. 0. 0.],[24.  0.  0.]
[24],[15.44206112],[15],0.6,[10],0.2,0.0,8.0,[0. 0. 0.],[24.  0.  0.]
[24],[15.44206112],[16],0.6,[10],0.2,0.0,8.0,[0. 0. 0.],[24.  0.  0.]
[24],[15.44206112],[17],0.6,[10],0.2,0.0,8.0,[0. 0. 0.],[24.  0.  0.]
[24],[15.44206112],[18],0.6,[10],0.2,0.0,8.0,[0. 0. 0.],[24.  0.  0.]
[24],[15.44206112],[19],0.6,[10],0.2,0.0,8.0,[0. 0. 0.],[24.  0.  0.]
[24],[15.44206112],[20],0.6,[10],0.2,0.0,8.0,[0. 0. 0.],[24.  0.  0.]
[24],[15.44206112],[21],0.6,[10],0.2,0.0,8.0,[0. 0. 0.],[24.  0.  0.]
[24],[15.44206112],[22],0.6,[10],0.2,0.0,8.0,[0. 0. 0.],[24.  0.  0.]
[24],[15.44206112],[23],0.6,[10],0.2,0.0,8.0,[0. 0. 0.],[24.  0.  0.]
[24],[15.44206112],[24],0.6,[10],0.2,0.0,8.0,[0. 0. 0.],[24.  0.  0.]
[24],[15.44206112],[25],0.6,[10],0.2,0.0,8.0,[0. 0. 0.],[24.  0.  0.]
[24],[15.44206112],[26],0.6,[10],0.2,0.0,8.0,[0. 0. 0.],[24.  0.  0.]
[24],[15.44206112],[27],0.6,[10],0.2,0.0,8.0,[0. 0. 0.],[24.  0.  0.]
[24],[15.44206112],[28],0.6,[10],0.2,0.0,8.0,[0. 0. 0.],[24.  0.  0.]
[24],[15.44206112],[29],0.6,[10],0.2,0.0,8.0,[0. 0. 0.],[24.  0.  0.]
[24],[15.44206112],[30],0.6,[10],0.2,0.0,8.0,[0. 0. 0.],[24.  0.  0.]
[25],[15.44206112],[10],0.6,[10],0.2,0.0,8.333333333333334,[0. 0. 0.],[25.  0.  0.]
[25],[15.44206112],[11],0.6,[10],0.2,0.0,8.333333333333334,[0. 0. 0.],[25.  0.  0.]
[25],[15.44206112],[12],0.6,[10],0.2,0.0,8.333333333333334,[0. 0. 0.],[25.  0.  0.]
[25],[15.44206112],[13],0.6,[10],0.2,0.0,8.333333333333334,[0. 0. 0.],[25.  0.  0.]
[25],[15.44206112],[14],0.6,[10],0.2,0.0,8.333333333333334,[0. 0. 0.],[25.  0.  0.]
[25],[15.44206112],[15],0.6,[10],0.2,0.0,8.333333333333334,[0. 0. 0.],[25.  0.  0.]
[25],[15.44206112],[16],0.6,[10],0.2,0.0,8.333333333333334,[0. 0. 0.],[25.  0.  0.]
[25],[15.44206112],[17],0.6,[10],0.2,0.0,8.333333333333334,[0. 0. 0.],[25.  0.  0.]
[25],[15.44206112],[18],0.6,[10],0.2,0.0,8.333333333333334,[0. 0. 0.],[25.  0.  0.]
[25],[15.44206112],[19],0.6,[10],0.2,0.0,8.333333333333334,[0. 0. 0.],[25.  0.  0.]
[25],[15.44206112],[20],0.6,[10],0.2,0.0,8.333333333333334,[0. 0. 0.],[25.  0.  0.]
[25],[15.44206112],[21],0.6,[10],0.2,0.0,8.333333333333334,[0. 0. 0.],[25.  0.  0.]
[25],[15.44206112],[22],0.6,[10],0.2,0.0,8.333333333333334,[0. 0. 0.],[25.  0.  0.]
[25],[15.44206112],[23],0.6,[10],0.2,0.0,8.333333333333334,[0. 0. 0.],[25.  0.  0.]
[25],[15.44206112],[24],0.6,[10],0.2,0.0,8.333333333333334,[0. 0. 0.],[25.  0.  0.]
[25],[15.44206112],[25],0.6,[10],0.2,0.0,8.333333333333334,[0. 0. 0.],[25.  0.  0.]
[25],[15.44206112],[26],0.6,[10],0.2,0.0,8.333333333333334,[0. 0. 0.],[25.  0.  0.]
[25],[15.44206112],[27],0.6,[10],0.2,0.0,8.333333333333334,[0. 0. 0.],[25.  0.  0.]
[25],[15.44206112],[28],0.6,[10],0.2,0.0,8.333333333333334,[0. 0. 0.],[25.  0.  0.]
[25],[15.44206112],[29],0.6,[10],0.2,0.0,8.333333333333334,[0. 0. 0.],[25.  0.  0.]
[25],[15.44206112],[30],0.6,[10],0.2,0.0,8.333333333333334,[0. 0. 0.],[25.  0.  0.]
[26],[15.44206112],[10],0.6,[10],0.2,0.0,8.666666666666666,[0. 0. 0.],[26.  0.  0.]
[26],[15.44206112],[11],0.6,[10],0.2,0.0,8.666666666666666,[0. 0. 0.],[26.  0.  0.]
[26],[15.44206112],[12],0.6,[10],0.2,0.0,8.666666666666666,[0. 0. 0.],[26.  0.  0.]
[26],[15.44206112],[13],0.6,[10],0.2,0.0,8.666666666666666,[0. 0. 0.],[26.  0.  0.]
[26],[15.44206112],[14],0.6,[10],0.2,0.0,8.666666666666666,[0. 0. 0.],[26.  0.  0.]
[26],[15.44206112],[15],0.6,[10],0.2,0.0,8.666666666666666,[0. 0. 0.],[26.  0.  0.]
[26],[15.44206112],[16],0.6,[10],0.2,0.0,8.666666666666666,[0. 0. 0.],[26.  0.  0.]
[26],[15.44206112],[17],0.6,[10],0.2,0.0,8.666666666666666,[0. 0. 0.],[26.  0.  0.]
[26],[15.44206112],[18],0.6,[10],0.2,0.0,8.666666666666666,[0. 0. 0.],[26.  0.  0.]
[26],[15.44206112],[19],0.6,[10],0.2,0.0,8.666666666666666,[0. 0. 0.],[26.  0.  0.]
[26],[15.44206112],[20],0.6,[10],0.2,0.0,8.666666666666666,[0. 0. 0.],[26.  0.  0.]
[26],[15.44206112],[21],0.6,[10],0.2,0.0,8.666666666666666,[0. 0. 0.],[26.  0.  0.]
[26],[15.44206112],[22],0.6,[10],0.2,0.0,8.666666666666666,[0. 0. 0.],[26.  0.  0.]
[26],[15.44206112],[23],0.6,[10],0.2,0.0,8.666666666666666,[0. 0. 0.],[26.  0.  0.]
[26],[15.44206112],[24],0.6,[10],0.2,0.0,8.666666666666666,[0. 0. 0.],[26.  0.  0.]
[26],[15.44206112],[25],0.6,[10],0.2,0.0,8.666666666666666,[0. 0. 0.],[26.  0.  0.]
[26],[15.44206112],[26],0.6,[10],0.2,0.0,8.666666666666666,[0. 0. 0.],[26.  0.  0.]
[26],[15.44206112],[27],0.6,[10],0.2,0.0,8.666666666666666,[0. 0. 0.],[26.  0.  0.]
[26],[15.44206112],[28],0.6,[10],0.2,0.0,8.666666666666666,[0. 0. 0.],[26.  0.  0.]
[26],[15.44206112],[29],0.6,[10],0.2,0.0,8.666666666666666,[0. 0. 0.],[26.  0.  0.]
[26],[15.44206112],[30],0.6,[10],0.2,0.0,8.666666666666666,[0. 0. 0.],[26.  0.  0.]
[27],[15.44206112],[10],0.6,[10],0.2,0.0,9.0,[0. 0. 0.],[27.  0.  0.]
[27],[15.44206112],[11],0.6,[10],0.2,0.0,9.0,[0. 0. 0.],[27.  0.  0.]
[27],[15.44206112],[12],0.6,[10],0.2,0.0,9.0,[0. 0. 0.],[27.  0.  0.]
[27],[15.44206112],[13],0.6,[10],0.2,0.0,9.0,[0. 0. 0.],[27.  0.  0.]
[27],[15.44206112],[14],0.6,[10],0.2,0.0,9.0,[0. 0. 0.],[27.  0.  0.]
[27],[15.44206112],[15],0.6,[10],0.2,0.0,9.0,[0. 0. 0.],[27.  0.  0.]
[27],[15.44206112],[16],0.6,[10],0.2,0.0,9.0,[0. 0. 0.],[27.  0.  0.]
[27],[15.44206112],[17],0.6,[10],0.2,0.0,9.0,[0. 0. 0.],[27.  0.  0.]
[27],[15.44206112],[18],0.6,[10],0.2,0.0,9.0,[0. 0. 0.],[27.  0.  0.]
[27],[15.44206112],[19],0.6,[10],0.2,0.0,9.0,[0. 0. 0.],[27.  0.  0.]
[27],[15.44206112],[20],0.6,[10],0.2,0.0,9.0,[0. 0. 0.],[27.  0.  0.]
[27],[15.44206112],[21],0.6,[10],0.2,0.0,9.0,[0. 0. 0.],[27.  0.  0.]
[27],[15.44206112],[22],0.6,[10],0.2,0.0,9.0,[0. 0. 0.],[27.  0.  0.]
[27],[15.44206112],[23],0.6,[10],0.2,0.0,9.0,[0. 0. 0.],[27.  0.  0.]
[27],[15.44206112],[24],0.6,[10],0.2,0.0,9.0,[0. 0. 0.],[27.  0.  0.]
[27],[15.44206112],[25],0.6,[10],0.2,0.0,9.0,[0. 0. 0.],[27.  0.  0.]
[27],[15.44206112],[26],0.6,[10],0.2,0.0,9.0,[0. 0. 0.],[27.  0.  0.]
[27],[15.44206112],[27],0.6,[10],0.2,0.0,9.0,[0. 0. 0.],[27.  0.  0.]
[27],[15.44206112],[28],0.6,[10],0.2,0.0,9.0,[0. 0. 0.],[27.  0.  0.]
[27],[15.44206112],[29],0.6,[10],0.2,0.0,9.0,[0. 0. 0.],[27.  0.  0.]
[27],[15.44206112],[30],0.6,[10],0.2,0.0,9.0,[0. 0. 0.],[27.  0.  0.]
[28],[15.44206112],[10],0.6,[10],0.2,0.0,9.333333333333334,[0. 0. 0.],[28.  0.  0.]
[28],[15.44206112],[11],0.6,[10],0.2,0.0,9.333333333333334,[0. 0. 0.],[28.  0.  0.]
[28],[15.44206112],[12],0.6,[10],0.2,0.0,9.333333333333334,[0. 0. 0.],[28.  0.  0.]
[28],[15.44206112],[13],0.6,[10],0.2,0.0,9.333333333333334,[0. 0. 0.],[28.  0.  0.]
[28],[15.44206112],[14],0.6,[10],0.2,0.0,9.333333333333334,[0. 0. 0.],[28.  0.  0.]
[28],[15.44206112],[15],0.6,[10],0.2,0.0,9.333333333333334,[0. 0. 0.],[28.  0.  0.]
[28],[15.44206112],[16],0.6,[10],0.2,0.0,9.333333333333334,[0. 0. 0.],[28.  0.  0.]
[28],[15.44206112],[17],0.6,[10],0.2,0.0,9.333333333333334,[0. 0. 0.],[28.  0.  0.]
[28],[15.44206112],[18],0.6,[10],0.2,0.0,9.333333333333334,[0. 0. 0.],[28.  0.  0.]
[28],[15.44206112],[19],0.6,[10],0.2,0.0,9.333333333333334,[0. 0. 0.],[28.  0.  0.]
[28],[15.44206112],[20],0.6,[10],0.2,0.0,9.333333333333334,[0. 0. 0.],[28.  0.  0.]
[28],[15.44206112],[21],0.6,[10],0.2,0.0,9.333333333333334,[0. 0. 0.],[28.  0.  0.]
[28],[15.44206112],[22],0.6,[10],0.2,0.0,9.333333333333334,[0. 0. 0.],[28.  0.  0.]
[28],[15.44206112],[23],0.6,[10],0.2,0.0,9.333333333333334,[0. 0. 0.],[28.  0.  0.]
[28],[15.44206112],[24],0.6,[10],0.2,0.0,9.333333333333334,[0. 0. 0.],[28.  0.  0.]
[28],[15.44206112],[25],0.6,[10],0.2,0.0,9.333333333333334,[0. 0. 0.],[28.  0.  0.]
[28],[15.44206112],[26],0.6,[10],0.2,0.0,9.333333333333334,[0. 0. 0.],[28.  0.  0.]
[28],[15.44206112],[27],0.6,[10],0.2,0.0,9.333333333333334,[0. 0. 0.],[28.  0.  0.]
[28],[15.44206112],[28],0.6,[10],0.2,0.0,9.333333333333334,[0. 0. 0.],[28.  0.  0.]
[28],[15.44206112],[29],0.6,[10],0.2,0.0,9.333333333333334,[0. 0. 0.],[28.  0.  0.]
[28],[15.44206112],[30],0.6,[10],0.2,0.0,9.333333333333334,[0. 0. 0.],[28.  0.  0.]
[29],[15.44206112],[10],0.6,[10],0.2,0.0,9.666666666666666,[0. 0. 0.],[29.  0.  0.]
[29],[15.44206112],[11],0.6,[10],0.2,0.0,9.666666666666666,[0. 0. 0.],[29.  0.  0.]
[29],[15.44206112],[12],0.6,[10],0.2,0.0,9.666666666666666,[0. 0. 0.],[29.  0.  0.]
[29],[15.44206112],[13],0.6,[10],0.2,0.0,9.666666666666666,[0. 0. 0.],[29.  0.  0.]
[29],[15.44206112],[14],0.6,[10],0.2,0.0,9.666666666666666,[0. 0. 0.],[29.  0.  0.]
[29],[15.44206112],[15],0.6,[10],0.2,0.0,9.666666666666666,[0. 0. 0.],[29.  0.  0.]
[29],[15.44206112],[16],0.6,[10],0.2,0.0,9.666666666666666,[0. 0. 0.],[29.  0.  0.]
[29],[15.44206112],[17],0.6,[10],0.2,0.0,9.666666666666666,[0. 0. 0.],[29.  0.  0.]
[29],[15.44206112],[18],0.6,[10],0.2,0.0,9.666666666666666,[0. 0. 0.],[29.  0.  0.]
[29],[15.44206112],[19],0.6,[10],0.2,0.0,9.666666666666666,[0. 0. 0.],[29.  0.  0.]
[29],[15.44206112],[20],0.6,[10],0.2,0.0,9.666666666666666,[0. 0. 0.],[29.  0.  0.]
[29],[15.44206112],[21],0.6,[10],0.2,0.0,9.666666666666666,[0. 0. 0.],[29.  0.  0.]
[29],[15.44206112],[22],0.6,[10],0.2,0.0,9.666666666666666,[0. 0. 0.],[29.  0.  0.]
[29],[15.44206112],[23],0.6,[10],0.2,0.0,9.666666666666666,[0. 0. 0.],[29.  0.  0.]
[29],[15.44206112],[24],0.6,[10],0.2,0.0,9.666666666666666,[0. 0. 0.],[29.  0.  0.]
[29],[15.44206112],[25],0.6,[10],0.2,0.0,9.666666666666666,[0. 0. 0.],[29.  0.  0.]
[29],[15.44206112],[26],0.6,[10],0.2,0.0,9.666666666666666,[0. 0. 0.],[29.  0.  0.]
[29],[15.44206112],[27],0.6,[10],0.2,0.0,9.666666666666666,[0. 0. 0.],[29.  0.  0.]
[29],[15.44206112],[28],0.6,[10],0.2,0.0,9.666666666666666,[0. 0. 0.],[29.  0.  0.]
[29],[15.44206112],[29],0.6,[10],0.2,0.0,9.666666666666666,[0. 0. 0.],[29.  0.  0.]
[29],[15.44206112],[30],0.6,[10],0.2,0.0,9.666666666666666,[0. 0. 0.],[29.  0.  0.]
[30],[15.44206112],[10],0.6,[10],0.2,0.0,10.0,[0. 0. 0.],[30.  0.  0.]
[30],[15.44206112],[11],0.6,[10],0.2,0.0,10.0,[0. 0. 0.],[30.  0.  0.]
[30],[15.44206112],[12],0.6,[10],0.2,0.0,10.0,[0. 0. 0.],[30.  0.  0.]
[30],[15.44206112],[13],0.6,[10],0.2,0.0,10.0,[0. 0. 0.],[30.  0.  0.]
[30],[15.44206112],[14],0.6,[10],0.2,0.0,10.0,[0. 0. 0.],[30.  0.  0.]
[30],[15.44206112],[15],0.6,[10],0.2,0.0,10.0,[0. 0. 0.],[30.  0.  0.]
[30],[15.44206112],[16],0.6,[10],0.2,0.0,10.0,[0. 0. 0.],[30.  0.  0.]
[30],[15.44206112],[17],0.6,[10],0.2,0.0,10.0,[0. 0. 0.],[30.  0.  0.]
[30],[15.44206112],[18],0.6,[10],0.2,0.0,10.0,[0. 0. 0.],[30.  0.  0.]
[30],[15.44206112],[19],0.6,[10],0.2,0.0,10.0,[0. 0. 0.],[30.  0.  0.]
[30],[15.44206112],[20],0.6,[10],0.2,0.0,10.0,[0. 0. 0.],[30.  0.  0.]
[30],[15.44206112],[21],0.6,[10],0.2,0.0,10.0,[0. 0. 0.],[30.  0.  0.]
[30],[15.44206112],[22],0.6,[10],0.2,0.0,10.0,[0. 0. 0.],[30.  0.  0.]
[30],[15.44206112],[23],0.6,[10],0.2,0.0,10.0,[0. 0. 0.],[30.  0.  0.]
[30],[15.44206112],[24],0.6,[10],0.2,0.0,10.0,[0. 0. 0.],[30.  0.  0.]
[30],[15.44206112],[25],0.6,[10],0.2,0.0,10.0,[0. 0. 0.],[30.  0.  0.]
[30],[15.44206112],[26],0.6,[10],0.2,0.0,10.0,[0. 0. 0.],[30.  0.  0.]
[30],[15.44206112],[27],0.6,[10],0.2,0.0,10.0,[0. 0. 0.],[30.  0.  0.]
[30],[15.44206112],[28],0.6,[10],0.2,0.0,10.0,[0. 0. 0.],[30.  0.  0.]
[30],[15.44206112],[29],0.6,[10],0.2,0.0,10.0,[0. 0. 0.],[30.  0.  0.]
[30],[15.44206112],[30],0.6,[10],0.2,0.0,10.0,[0. 0. 0.],[30.  0.  0.]
